Dataset,Rows,Cols,Engines,Avg_Cycle,Min_Cycle,Max_Cycle
train_FD001,20631,27,100,206.31,128,362
test_FD001,13096,27,100,130.96,31,303
train_FD002,53759,27,260,206.76538461538462,128,378
test_FD002,33991,27,259,131.23938223938225,21,367
train_FD003,24720,27,100,247.2,145,525
test_FD003,16596,27,100,165.96,38,475
train_FD004,61249,27,249,245.97991967871485,128,543
test_FD004,41214,27,248,166.18548387096774,19,486
