{"sensor_2": 0.5701808278961736, "sensor_3": 0.5965293659464957, "sensor_4": 0.5622466700477488, "sensor_7": 0.5229241431048292, "sensor_8": 0.7603928494022464, "sensor_11": 0.6456614887170442, "sensor_12": 0.5228946644525768, "sensor_15": 0.2982091006071819, "sensor_17": 0.5961991145664616, "sensor_20": 0.5405908912131584, "sensor_21": 0.5422029319758788}