{"sensor_2": 0.3488855421686721, "sensor_3": 0.34406256812731967, "sensor_4": 0.306874777975133, "sensor_7": 0.6644887278582936, "sensor_8": 0.23753787878782986, "sensor_11": 0.29341317365269487, "sensor_12": 0.6936247334754801, "sensor_15": 0.3513993771895701, "sensor_17": 0.355416666666669, "sensor_20": 0.6173062015503858, "sensor_21": 0.6463318144159068}